INSERT INTO "IISSI"."USUARIOS" (DNI, NOMBRE, APELLIDOS, DIRECCION, TELEFONO, CONTRASENA) VALUES ('00000000Z', 'Usuario', 'de Carga', 'Sin calle', '000000000', 'pass');
INSERT INTO "IISSI"."USUARIOS" (DNI, NOMBRE, APELLIDOS, DIRECCION, TELEFONO, CONTRASENA) VALUES ('11111111X', 'Paco', 'Perez', 'Prueba2', '123456789', 'prueba');
INSERT INTO "IISSI"."USUARIOS" (DNI, NOMBRE, APELLIDOS, DIRECCION, TELEFONO, CONTRASENA) VALUES ('11111112X', 'Fran', 'Pericon', 'Sevilla', '225874120', 'prueba');
INSERT INTO "IISSI"."USUARIOS" (DNI, NOMBRE, APELLIDOS, DIRECCION, TELEFONO, CONTRASENA) VALUES ('22222222X', 'Personal', 'Perez', 'Cadiz', '147852369', 'prueba');
INSERT INTO "IISSI"."USUARIOS" (DNI, NOMBRE, APELLIDOS, DIRECCION, TELEFONO, CONTRASENA) VALUES ('00000000A', 'Recepcionista', 'Witalcoche', 'Lobamenes', '999555222', 'prueba');

INSERT INTO "IISSI"."CLIENTES" (IDCLIENTE, DNI) VALUES ('0','00000000Z');
INSERT INTO "IISSI"."CLIENTES" (DNI) VALUES ('11111111X');
INSERT INTO "IISSI"."CLIENTES" (DNI) VALUES ('11111112X');

INSERT INTO "IISSI"."PERSONAL" (DNI, TIPOPERSONAL) VALUES ('22222222X', 'Veterinario');
INSERT INTO "IISSI"."PERSONAL" (DNI, TIPOPERSONAL) VALUES ('00000000A', 'Recepcionista');


INSERT INTO "IISSI"."MASCOTAS" (IDCLIENTE, TIPOMASCOTA, RAZA, NOMBREMASCOTA) VALUES ('1', 'Perro', 'Raza1', 'Perico');
INSERT INTO "IISSI"."MASCOTAS" (IDCLIENTE, TIPOMASCOTA, RAZA, NOMBREMASCOTA) VALUES ('1', 'Gato', 'Raza3', 'Lucho');
INSERT INTO "IISSI"."MASCOTAS" (IDCLIENTE, TIPOMASCOTA, RAZA, NOMBREMASCOTA) VALUES ('1', 'Perro', 'Raza2', 'Lacha');
INSERT INTO "IISSI"."MASCOTAS" (IDCLIENTE, TIPOMASCOTA, RAZA, NOMBREMASCOTA) VALUES ('2', 'Gato', 'Raza3', 'Santi');
INSERT INTO "IISSI"."MASCOTAS" (IDCLIENTE, TIPOMASCOTA, RAZA, NOMBREMASCOTA) VALUES ('2', 'Gato', 'Raza4', 'Santi2');
INSERT INTO "IISSI"."MASCOTAS" (IDCLIENTE, TIPOMASCOTA, RAZA, NOMBREMASCOTA) VALUES ('1', 'Gato', 'Raza3', 'Limberio');

INSERT INTO "IISSI"."FACTURAS" (IDFACTURA, IDCLIENTE, IMPORTETOTAL, PAGADA) VALUES ('0', '0', '0', '0');

INSERT INTO "IISSI"."LINEASDEFACTURA" (IDLINEAFACTURA, IDFACTURA, IDPERSONAL, IMPORTE) VALUES ('0', '0', '1', '0');
INSERT INTO "IISSI"."LINEASDEFACTURA" (IDFACTURA, IDPERSONAL, IMPORTE) VALUES ('0', '1', '20');
INSERT INTO "IISSI"."LINEASDEFACTURA" (IDFACTURA, IDPERSONAL, IMPORTE) VALUES ('0', '1', '70');
INSERT INTO "IISSI"."LINEASDEFACTURA" (IDFACTURA, IDPERSONAL, IMPORTE) VALUES ('0', '1', '15');
INSERT INTO "IISSI"."LINEASDEFACTURA" (IDFACTURA, IDPERSONAL, IMPORTE) VALUES ('0', '1', '20');
INSERT INTO "IISSI"."LINEASDEFACTURA" (IDFACTURA, IDPERSONAL, IMPORTE) VALUES ('0', '1', '30');
INSERT INTO "IISSI"."LINEASDEFACTURA" (IDFACTURA, IDPERSONAL, IMPORTE) VALUES ('0', '1', '30');
INSERT INTO "IISSI"."LINEASDEFACTURA" (IDFACTURA, IDPERSONAL, IMPORTE) VALUES ('0', '1', '40');
INSERT INTO "IISSI"."LINEASDEFACTURA" (IDFACTURA, IDPERSONAL, IMPORTE) VALUES ('0', '1', '50');
INSERT INTO "IISSI"."LINEASDEFACTURA" (IDFACTURA, IDPERSONAL, IMPORTE) VALUES ('0', '1', '40');
INSERT INTO "IISSI"."LINEASDEFACTURA" (IDFACTURA, IDPERSONAL, IMPORTE) VALUES ('0', '1', '20');
INSERT INTO "IISSI"."LINEASDEFACTURA" (IDFACTURA, IDPERSONAL, IMPORTE) VALUES ('0', '1', '70');
INSERT INTO "IISSI"."LINEASDEFACTURA" (IDFACTURA, IDPERSONAL, IMPORTE) VALUES ('0', '1', '70');
INSERT INTO "IISSI"."LINEASDEFACTURA" (IDFACTURA, IDPERSONAL, IMPORTE) VALUES ('0', '1', '40');
INSERT INTO "IISSI"."LINEASDEFACTURA" (IDFACTURA, IDPERSONAL, IMPORTE) VALUES ('0', '1', '10');
INSERT INTO "IISSI"."LINEASDEFACTURA" (IDFACTURA, IDPERSONAL, IMPORTE) VALUES ('0', '1', '20');
INSERT INTO "IISSI"."LINEASDEFACTURA" (IDFACTURA, IDPERSONAL, IMPORTE) VALUES ('0', '1', '20');
INSERT INTO "IISSI"."LINEASDEFACTURA" (IDFACTURA, IDPERSONAL, IMPORTE) VALUES ('0', '2', '15');
INSERT INTO "IISSI"."LINEASDEFACTURA" (IDFACTURA, IDPERSONAL, IMPORTE) VALUES ('0', '2', '10');
INSERT INTO "IISSI"."LINEASDEFACTURA" (IDFACTURA, IDPERSONAL, IMPORTE) VALUES ('0', '2', '15');
INSERT INTO "IISSI"."LINEASDEFACTURA" (IDFACTURA, IDPERSONAL, IMPORTE) VALUES ('0', '1', '30');

INSERT INTO "IISSI"."HISTORIALES" (IDMASCOTA) VALUES ('1');
INSERT INTO "IISSI"."HISTORIALES" (IDMASCOTA) VALUES ('2');
INSERT INTO "IISSI"."HISTORIALES" (IDMASCOTA) VALUES ('3');
INSERT INTO "IISSI"."HISTORIALES" (IDMASCOTA) VALUES ('4');
INSERT INTO "IISSI"."HISTORIALES" (IDMASCOTA) VALUES ('5');
INSERT INTO "IISSI"."HISTORIALES" (IDMASCOTA) VALUES ('6');

INSERT INTO "IISSI"."TRATAMIENTOS" (IDTRATAMIENTO, IDLINEAFACTURA, TIPOTRATAMIENTO) VALUES ('0', '0', 'Cita asignada');
INSERT INTO "IISSI"."TRATAMIENTOS" (IDLINEAFACTURA, TIPOTRATAMIENTO) VALUES ('1', 'Acupuntura');
INSERT INTO "IISSI"."TRATAMIENTOS" (IDLINEAFACTURA, TIPOTRATAMIENTO) VALUES ('2', 'Cirugia');
INSERT INTO "IISSI"."TRATAMIENTOS" (IDLINEAFACTURA, TIPOTRATAMIENTO) VALUES ('3', 'Dieta');
INSERT INTO "IISSI"."TRATAMIENTOS" (IDLINEAFACTURA, TIPOTRATAMIENTO) VALUES ('4', 'Farmacoterapia');
INSERT INTO "IISSI"."TRATAMIENTOS" (IDLINEAFACTURA, TIPOTRATAMIENTO) VALUES ('5', 'Fisioterapia');
INSERT INTO "IISSI"."TRATAMIENTOS" (IDLINEAFACTURA, TIPOTRATAMIENTO) VALUES ('6', 'Hidroterapia');
INSERT INTO "IISSI"."TRATAMIENTOS" (IDLINEAFACTURA, TIPOTRATAMIENTO) VALUES ('7', 'Ortopedia');
INSERT INTO "IISSI"."TRATAMIENTOS" (IDLINEAFACTURA, TIPOTRATAMIENTO) VALUES ('8', 'Protesis');
INSERT INTO "IISSI"."TRATAMIENTOS" (IDLINEAFACTURA, TIPOTRATAMIENTO) VALUES ('9', 'Psicoterapia');
INSERT INTO "IISSI"."TRATAMIENTOS" (IDLINEAFACTURA, TIPOTRATAMIENTO) VALUES ('10', 'Arteterapia');
INSERT INTO "IISSI"."TRATAMIENTOS" (IDLINEAFACTURA, TIPOTRATAMIENTO) VALUES ('11', 'Quimioterapia');
INSERT INTO "IISSI"."TRATAMIENTOS" (IDLINEAFACTURA, TIPOTRATAMIENTO) VALUES ('12', 'Radioterapia');
INSERT INTO "IISSI"."TRATAMIENTOS" (IDLINEAFACTURA, TIPOTRATAMIENTO) VALUES ('13', 'Rehabilitacion');
INSERT INTO "IISSI"."TRATAMIENTOS" (IDLINEAFACTURA, TIPOTRATAMIENTO) VALUES ('14', 'Reposo');
INSERT INTO "IISSI"."TRATAMIENTOS" (IDLINEAFACTURA, TIPOTRATAMIENTO) VALUES ('15', 'Sueroterapia');
INSERT INTO "IISSI"."TRATAMIENTOS" (IDLINEAFACTURA, TIPOTRATAMIENTO) VALUES ('16', 'Terapia ocupacional');
INSERT INTO "IISSI"."TRATAMIENTOS" (IDLINEAFACTURA, TIPOTRATAMIENTO) VALUES ('17', 'Cortar pelo');
INSERT INTO "IISSI"."TRATAMIENTOS" (IDLINEAFACTURA, TIPOTRATAMIENTO) VALUES ('18', 'Cortar unas');
INSERT INTO "IISSI"."TRATAMIENTOS" (IDLINEAFACTURA, TIPOTRATAMIENTO) VALUES ('19', 'Lavar');
INSERT INTO "IISSI"."TRATAMIENTOS" (IDLINEAFACTURA, TIPOTRATAMIENTO) VALUES ('20', 'Otros');


INSERT INTO "IISSI"."ENFERMEDADES" (IDENFERMEDAD, IDTRATAMIENTO, TIPOENFERMEDAD) VALUES ('0', '0', 'Otros');
INSERT INTO "IISSI"."ENFERMEDADES" (IDTRATAMIENTO, TIPOENFERMEDAD) VALUES ('1', 'Otros');
INSERT INTO "IISSI"."ENFERMEDADES" (IDTRATAMIENTO, TIPOENFERMEDAD) VALUES ('2', 'Otros');
INSERT INTO "IISSI"."ENFERMEDADES" (IDTRATAMIENTO, TIPOENFERMEDAD) VALUES ('3', 'Otros');
INSERT INTO "IISSI"."ENFERMEDADES" (IDTRATAMIENTO, TIPOENFERMEDAD) VALUES ('4', 'Otros');
INSERT INTO "IISSI"."ENFERMEDADES" (IDTRATAMIENTO, TIPOENFERMEDAD) VALUES ('5', 'Otros');
INSERT INTO "IISSI"."ENFERMEDADES" (IDTRATAMIENTO, TIPOENFERMEDAD) VALUES ('6', 'Otros');
INSERT INTO "IISSI"."ENFERMEDADES" (IDTRATAMIENTO, TIPOENFERMEDAD) VALUES ('7', 'Otros');
INSERT INTO "IISSI"."ENFERMEDADES" (IDTRATAMIENTO, TIPOENFERMEDAD) VALUES ('8', 'Otros');
INSERT INTO "IISSI"."ENFERMEDADES" (IDTRATAMIENTO, TIPOENFERMEDAD) VALUES ('9', 'Otros');
INSERT INTO "IISSI"."ENFERMEDADES" (IDTRATAMIENTO, TIPOENFERMEDAD) VALUES ('10', 'Otros');
INSERT INTO "IISSI"."ENFERMEDADES" (IDTRATAMIENTO, TIPOENFERMEDAD) VALUES ('11', 'Otros');
INSERT INTO "IISSI"."ENFERMEDADES" (IDTRATAMIENTO, TIPOENFERMEDAD) VALUES ('12', 'Otros');
INSERT INTO "IISSI"."ENFERMEDADES" (IDTRATAMIENTO, TIPOENFERMEDAD) VALUES ('13', 'Otros');
INSERT INTO "IISSI"."ENFERMEDADES" (IDTRATAMIENTO, TIPOENFERMEDAD) VALUES ('14', 'Otros');
INSERT INTO "IISSI"."ENFERMEDADES" (IDTRATAMIENTO, TIPOENFERMEDAD) VALUES ('15', 'Otros');
INSERT INTO "IISSI"."ENFERMEDADES" (IDTRATAMIENTO, TIPOENFERMEDAD) VALUES ('16', 'Otros');
INSERT INTO "IISSI"."ENFERMEDADES" (IDTRATAMIENTO, TIPOENFERMEDAD) VALUES ('17', 'Otros');
INSERT INTO "IISSI"."ENFERMEDADES" (IDTRATAMIENTO, TIPOENFERMEDAD) VALUES ('18', 'Otros');
INSERT INTO "IISSI"."ENFERMEDADES" (IDTRATAMIENTO, TIPOENFERMEDAD) VALUES ('19', 'Otros');
INSERT INTO "IISSI"."ENFERMEDADES" (IDTRATAMIENTO, TIPOENFERMEDAD) VALUES ('20', 'Otros');

INSERT INTO "IISSI"."VISITAS" (IDHISTORIAL, IDTRATAMIENTO, FECHA) VALUES ('1', '0', TO_TIMESTAMP('2014-06-30 10:50:00.000000000', 'YYYY-MM-DD HH24:MI:SS.FF'));
INSERT INTO "IISSI"."VISITAS" (IDHISTORIAL, IDTRATAMIENTO, FECHA) VALUES ('2', '0', TO_TIMESTAMP('2014-06-28 10:51:00.000000000', 'YYYY-MM-DD HH24:MI:SS.FF'));
INSERT INTO "IISSI"."VISITAS" (IDHISTORIAL, IDTRATAMIENTO, FECHA) VALUES ('3', '0', TO_TIMESTAMP('2014-07-01 10:50:00.000000000', 'YYYY-MM-DD HH24:MI:SS.FF'));
INSERT INTO "IISSI"."VISITAS" (IDHISTORIAL, IDTRATAMIENTO, FECHA) VALUES ('4', '0', TO_TIMESTAMP('2014-07-02 10:50:00.000000000', 'YYYY-MM-DD HH24:MI:SS.FF'));
INSERT INTO "IISSI"."VISITAS" (IDHISTORIAL, IDTRATAMIENTO, FECHA) VALUES ('5', '0', TO_TIMESTAMP('2014-07-03 10:50:00.000000000', 'YYYY-MM-DD HH24:MI:SS.FF'));
INSERT INTO "IISSI"."VISITAS" (IDHISTORIAL, IDTRATAMIENTO, FECHA) VALUES ('6', '0', TO_TIMESTAMP('2014-07-04 10:50:00.000000000', 'YYYY-MM-DD HH24:MI:SS.FF'));

INSERT INTO "IISSI"."SINTOMAS" (IDENFERMEDAD, TIPOSINTOMA) VALUES ('0', 'Perdida de apetito');
INSERT INTO "IISSI"."SINTOMAS" (IDENFERMEDAD, TIPOSINTOMA) VALUES ('0', 'Consumo excesivo de agua');
INSERT INTO "IISSI"."SINTOMAS" (IDENFERMEDAD, TIPOSINTOMA) VALUES ('0', 'Aumento de peso de forma rapida');
INSERT INTO "IISSI"."SINTOMAS" (IDENFERMEDAD, TIPOSINTOMA) VALUES ('0', 'Perdida de peso de forma rapida');
INSERT INTO "IISSI"."SINTOMAS" (IDENFERMEDAD, TIPOSINTOMA) VALUES ('0', 'Comportamiento fuera de lo comun');
INSERT INTO "IISSI"."SINTOMAS" (IDENFERMEDAD, TIPOSINTOMA) VALUES ('0', 'Cansancio');
INSERT INTO "IISSI"."SINTOMAS" (IDENFERMEDAD, TIPOSINTOMA) VALUES ('0', 'Pereza');
INSERT INTO "IISSI"."SINTOMAS" (IDENFERMEDAD, TIPOSINTOMA) VALUES ('0', 'Dificultad para levantarse');
INSERT INTO "IISSI"."SINTOMAS" (IDENFERMEDAD, TIPOSINTOMA) VALUES ('0', 'Dificultad para acostarse');
INSERT INTO "IISSI"."SINTOMAS" (IDENFERMEDAD, TIPOSINTOMA) VALUES ('0', 'Abultamientos extranos');
INSERT INTO "IISSI"."SINTOMAS" (IDENFERMEDAD, TIPOSINTOMA) VALUES ('17', 'Pelo abundante');
INSERT INTO "IISSI"."SINTOMAS" (IDENFERMEDAD, TIPOSINTOMA) VALUES ('18', 'Unas grandes');
INSERT INTO "IISSI"."SINTOMAS" (IDENFERMEDAD, TIPOSINTOMA) VALUES ('0', 'Otros');

INSERT INTO "IISSI"."MENSAJES" (IDCLIENTE, IDPERSONAL, ASUNTO, TEXTO) VALUES ('1', '1', 'Prueba', 'Esto es un texto de prueba');
INSERT INTO "IISSI"."MENSAJES" (IDCLIENTE, IDPERSONAL, ASUNTO, TEXTO) VALUES ('2', '1', 'Prueba2', 'Esto es otro texto de prueba del mensaje del cliente 2');
INSERT INTO "IISSI"."MENSAJES" (IDCLIENTE, IDPERSONAL, ASUNTO, TEXTO) VALUES ('2', '1', 'Hey', 'This is a test message');

INSERT INTO "IISSI"."CITAS" (IDMASCOTA, IDSINTOMA, IDVISITA, IDPERSONAL, FECHAHORA) VALUES ('1', '1', '1', '1', TO_TIMESTAMP('2014-06-30 10:50:00.000000000', 'YYYY-MM-DD HH24:MI:SS.FF'));
INSERT INTO "IISSI"."CITAS" (IDMASCOTA, IDSINTOMA, IDVISITA, IDPERSONAL, FECHAHORA) VALUES ('2', '1', '2', '1', TO_TIMESTAMP('2014-06-28 10:51:00.000000000', 'YYYY-MM-DD HH24:MI:SS.FF'));
INSERT INTO "IISSI"."CITAS" (IDMASCOTA, IDSINTOMA, IDVISITA, IDPERSONAL, FECHAHORA) VALUES ('3', '1', '3', '1', TO_TIMESTAMP('2014-07-01 10:50:00.000000000', 'YYYY-MM-DD HH24:MI:SS.FF'));
INSERT INTO "IISSI"."CITAS" (IDMASCOTA, IDSINTOMA, IDVISITA, IDPERSONAL, FECHAHORA) VALUES ('4', '1', '4', '1', TO_TIMESTAMP('2014-07-02 10:50:00.000000000', 'YYYY-MM-DD HH24:MI:SS.FF'));
INSERT INTO "IISSI"."CITAS" (IDMASCOTA, IDSINTOMA, IDVISITA, IDPERSONAL, FECHAHORA) VALUES ('5', '1', '5', '1', TO_TIMESTAMP('2014-07-03 10:50:00.000000000', 'YYYY-MM-DD HH24:MI:SS.FF'));
INSERT INTO "IISSI"."CITAS" (IDMASCOTA, IDSINTOMA, IDVISITA, IDPERSONAL, FECHAHORA) VALUES ('6', '1', '6', '1', TO_TIMESTAMP('2014-07-04 10:50:00.000000000', 'YYYY-MM-DD HH24:MI:SS.FF'));

